,sac_number,prop_add,building_type,building_name,village,num_flat,region,num_shops,wing_name,prabhag_no,ward_name_field,updated_by,update_time,device_ip,address,validity
0,KW1513987590000,,,,,,,,,061,K/W,,,,,False
1,KW1510660470000,,,,,,,,,061,K/W,,,,,False
2,KW1511620200000,,,,,,,,,061,K/W,,,,,False
3,KW1514014400000,,,,,,,,,061,K/W,,,,,False
4,KW1514014660000,,,,,,,,,061,K/W,,,,,False
5,KW1513979140000,",LTD BLDG NO 16,OSHIWARA MHADA COMPLEX, LINK RD ANDHERI [WEST]MUMBAI 53",Mixed Legend,SECY OSHIWARA HIMASAI CHS ,VILLAGE OSHIWARA,,,,,061,K/W,,,,KW-5611 (H-51) PLOT NO 51 OSHIWARA VILLAGE HOUSE BLDG NO 16,False
6,KW1513986940000,",101,102 GANESH NAGAR NEW LINK RD,VILLAGE OSHIWARA,JOGESHWARI (W) MUMBAI 400 102",Mixed Legend,SECY SHREE SAILILA  CHS LTD ,VILLAGE OSHIWARA,,,,,061,K/W,,,,"KW 5562 (35/D) CTS NO 55 ,56 ,57 ,94, 96 PT 101 102 VILLAG E OSHIWARA GANESH NAGAR NEW LINK RD HOUSE WITH SHOPS SHREE SAILILA (SRA) CHS LTD",False
7,KW1514011990000,",CTS NO 26(PT),34(PT),38(PT),VILLAGE OSHIWARA NEW LINK,RD,JOGESHWARI(W) MUMBAI 102",Mixed Legend,M/S GANESH NIWAS CHS(PROP) ,VILLAGE OSHIWARA,,,,,061,K/W,,,,"KW-5562(35/F) CTS NO 26(PT),34(PT),38(PT) VILLAGE OSHIWARA JOGESHWARI(W) PLOT OF LAND",False
8,KW1514012020000,",ROSHAN NAGAR ( S.R.A.), CHS LTD, NEW LINK ROAD, BEHRAM BAUG, JOGESHWARI (W), MUMBAI, 400102",Mixed Legend,M/s. ROSHAN NAGAR (S.R.A.) C.H.S. LTD. NARAYAN PEDNEKAR ,VILLAGE OSHIWARA,,,,,061,K/W,,,,KW-5562(35/G) CTS NO 28(PT)34(PT) 36 TO 43(PT) VILLAGE OSHIWARA HOUSE WITH SHOPS- ROSHAN NAGAR SRA CHS .,False
9,KW1604620610000,",D LAXMI PALACE 76 MATHURDAS,RD KANDIVALI [W] MUMBAI 67,",Mixed Legend,M/S BYRAMJI JIJIBHOY PVT LT ,VILLAGE OSHIWARA,,,,,061,K/W,,,,KW 5642 [14F] CTS NO 567/1 TO 44 574 574/1TO86 575 575 1TO 52 576 TO 578 VILLAGE OSHIWARA HOUSE REHAB BLDG NO 4,False
10,KW1513995690000,"
L PREMISES CHS LTD,B-1 CTS NO 618 NEW LINK RD,OSHIWARAANDHERI [W]MUMBAI 53",C,SECY MORYA ESTATE COMMERCIA  . ,VILLAGE OSHIWARA,,,,,061,K/W,,,,"KW-5611(B-1)/U-219, PL B-1 CTS 618 NEW LINK RD OSHIWARA HOUSE AS OFFICES WITH SHOWROOM & BANKS",False
11,KW1513996400000,"
MOHAMMED AZIZUR REHMAN FAIZ,PLOT NO.B-21,,VEERA INDUSTRIAL ESTATE,NEW LINK ROAD,OSHIVARA ,ANDHERI(W),MUMBAI-400053",C,MOHAMMED WASIM UREHMAN FAIZ ,VILLAGE OSHIWARA,,,,,061,K/W,,,,"KW-5611(B-21),CTS-586, PLOT NO B-21 VILLAGE OSHIWARA RCC BLDG GLOBAL CHAMBERS",False
12,KW1513997210000,",D MOHAMED WASIM UREHMANFAIZ,MOHMMED AZUI RAHEMAN FAIZ,GLOBAL CHAMBERS PLOT NO 21VEERA IND ESTATE NEW LINK RD ANDHERI [W] MUMBAI 58",C,M/S BYRAMJI JIJIBHOY PVT LT ,VILLAGE OSHIWARA,,,,,061,K/W,,,,KW 5611 [B-21A] PLOT NO B/21 CTS 586 VILLAGE OSHIWARA ELECTRIC SUB STATION,False
13,KW1513997800000,"
CENTRE 127 MANMALA TANK RD,TAIKALWADI MAHIM [W] MUMBAI,16",C,BPL COMMUNICATIONS LTD BPL ,VILLAGE OSHIWARA,,,,,061,K/W,,,,KW 5611 [H49/A] PLOT NO 49 OSHIWARA VILLAGE SITE FOR M/W ANTENNA,False
14,KW1513998520000," ,
INTERFACE BLDG NO 7,6TH FL,OFF LINK ROAD,MALAD (W),MUMBAI 400064",C,BHARTI AIRTEL LTD,VILLAGE OSHIWARA,,,,,061,K/W,,,,KW-5611(H-47/DME) PLOT NO 47 OSHIWARA VILLAGE SITE :- SANSKAR CHS LTD MHADA BLDG NO 15 SITE FOR DIGITAL MINI EXCHANGE (DME) BHARTI AIRTEL A/W KW-5611(H-47),False
15,KW1513998610000," ,
BLDG NO 7,6TH FLOOR,OFF,LINK ROAD MALAD(W) MUMBAI,400064",C,BHARTI AIRTEL LTDINTERFACE,VILLAGE OSHIWARA,,,,,061,K/W,,,,"KW-5611(B-1/DME)PL B-1 NEW LINK ROAD OSHIWARA VILLAGE. SITE:-MOURYA ESTATE COMMERCIAL PREMISES CHS LTD ,SITE FOR DIGITAL MINI EXCHANGE(DME) BHARTI AIRTEL A/W KW- 5611(B-1)",False
16,KW1513999090000,",kANARA BUISNESS CENTRE  OFF GHATKOPAR ANDHERI LINK ROAD,  GHATKOPAR LAXMI NAGAR Mumbai 400075 Maharashtra",C,VAISHALI CREATION -VAISHALI CREATION ,VILLAGE OSHIWARA,,,,,061,K/W,,,,TERRACE OF AKASH GANGA  AKASH GANGA  null NEW LINK ROAD YASHODEEP CHS Ltd. OSHIWARA  JOGESHWARI  (WEST ) VILLAGE OSHIWARA Mumbai 400102,False
17,KW1513995770000,,,,,,,,,061,K/W,,,,,False
18,KW1513998870000,,,,,,,,,061,K/W,,,,,False
19,KW1513998950000,,,,,,,,,061,K/W,,,,,False
20,KW1511260660000,,,,,,,,,061,K/W,,,,,False
21,KW1511260740000,,,,,,,,,061,K/W,,,,,False
22,KW1511620110000,,,,,,,,,061,K/W,,,,,False
23,KW1511840230000,,,,,,,,,061,K/W,,,,,False
24,KW1511840820000,,,,,,,,,061,K/W,,,,,False
25,KW1511772720000,",A TRUST MASJID AND MADRASSA,ANAND NAGAR OSHIWARA NEW LI,NK RD JOGESHEWARI [W] MUMBAI 400 102.",R,M/S ANJUMANE GULSHANE MADIN ,VILLAGE OSHIWARA,,,,,061,K/W,,,,KW 5349 [2A/B] ANAND NAGAR NEW LINK RD JOG [W] MASJID AND MADRASSA ANJUMAN GULSHANE MADINA TRUST,False
26,KW1513967050000,"
EDUCATION SOCITY,DYANSAGAR VIDHALAYA,GANESH NAGARBEHRAM BAUG JOG WESTMUMBAI 400102",R,GEN SECY DYANSAGAR ,VILLAGE OSHIWARA,,,,,061,K/W,,,,KW 5562 (35A) NEW LINK ROAD A C HOUSE SCHOOL AS DNYAN SAGAR VIDHYALAYA,False
27,KW1513999500000,,,,,,,,,061,K/W,,,,,False
28,KW1513977010000,",BLDG NO 5 OSHIWARA MHADA,JOG WEST MUMBAI 400102,",r,OSHIWARA PANCHAVATI CHS LTD ,VILLAGE OSHIWARA,,,,,061,K/W,,,,KW 5566 (5) CTS 2PT 3PT 5PT 6PT AND 155PT  OSHIVARA VI LLAGE LIG II  HOUSE PANCHAVATI,False
29,KW1513977100000,",CHS LTD, BLDG NO. 6, NEW LINK ROAD, ,OSHIWARA JOGESHWARI  WEST MUMBAI 400 102.,",r,MHADA SEC SAPTA SHRINGI ,VILLAGE OSHIWARA,,,,,061,K/W,,,,KW 5566 (6) CTS 2PT 3PT 5PT 6PT AND 155PT  OSHIVARA VI LLAGE LIG II  HOUSE SAPTA SRINGHEE,False
30,KW1513978840000,",BLDH NO 13,PLOT NO H-49,MHADA RESIDENTIAL COMPLEXOSHIWARA ANDHERI WESTMUMBAI 400058",R,UTSAV CHS ,VILLAGE OSHIWARA,,,,,061,K/W,,,,,False
31,KW1513978920000,",BLDG NO 12 OPP.OSHIVARA,POLICE STATION,MHADA RESIDENTIAL COMPLEXANDHERI WESTMUMBAI 400058",R,LOTOUS CHS. ,VILLAGE OSHIWARA,,,,,061,K/W,,,,KW 5611 (H-49) PLOT NO 50 OSHIWARA VILLAGE HOUSE BLDG NO 12,False
32,KW1513979060000,",BLDG NO 11 PLOT NO H-50A,OSHIWARA MHADA RESIDENTIAL,COMPLEX ANDHERI [W]  MUMBAI58",R,OSHIWARA STAR SHIP CHS LTD ,VILLAGE OSHIWARA,,,,,061,K/W,,,,KW 5611 (H-50A) PLOT NO 50A OSHIWARA VILLAGE HOUSE BLDG NO 11,False
33,KW1513980400000,",MHADA BLDG.-10,OSHIVARA,LINK RD.ANDHERI (W),MUM-53.,",R,SECY.DAFFODILS CHS.LTD. ,VILLAGE OSHIWARA,,,,,061,K/W,,,,KW 5611 (H-63) PLOT NO 63 VILLAGE OSHIWARA HOUSE BLDG NO H-63,False
34,KW1514011050000,,,,,,,,,061,K/W,,,,,False
35,KW1514013850000,,,,,,,,,061,K/W,,,,,False
36,KW1514013930000,,,,,,,,,061,K/W,,,,,False
37,KW1514014070000,,,,,,,,,061,K/W,,,,,False
38,KW1514014150000,,,,,,,,,061,K/W,,,,,False
39,KW1514107750000,",GARDENS CO O HSG SOC LTD.,ADARSH NAGAR NEW LINK RD,OPP.OSHIWARA POLICE STATIONOSHIWARA ANDHERI WESTMUMBAI 400053",R,HON SECY OSHIWARA TARAPORE ,VILLAGE OSHIWARA,,,,,061,K/W,,,,KW 5611(P/1) S NO 41 OSHIWARA TARAPORE  GARDEN HOUSE E /1 BLDG NO 1,False
40,KW1514113990000,",GARDENS CO OP HSG SOC LTD.,ADARSH NAGAR NEW LINK RD,OPP.OSHIWARA POLICE STATIONOSHIWARA ANDHERI WESTMUMBAI 400053",R,HN SECY OSHIWARA TARAPORE ,VILLAGE OSHIWARA,,,,,061,K/W,,,,KW 5611 (P/2) BLDG NO F/2 OSHIVRA  TARAPORE GARDEN  HO USE F BLDG NO 2,False
41,KW1514114020000,",GARDENS CO OP HSG SOC LTD.,ADARSH NAGAR NEW LINK RD,OPP.OSHIWARA POLICE STATIONOSHIWARA ANDHER WESTMUMBAI 400053",R,HONSECY OSHIWARA TARAPORE ,VILLAGE OSHIWARA,,,,,061,K/W,,,,KW 5611 (P/3) BLDG NO G/3 OSHIVARA  TARAPORE GARDEN HO USE G BLDG 3,False
42,KW1514360060000,,,,,,,,,061,K/W,,,,,False
43,KW1510660390000,",AN SOCY NOBLE CHAMBERS B,PARSI BAZAR STREET FORT,MUMBAI 1",Mixed Legend,TRUSTEES OF ZORASTRIAN RADI ,VILLAGE OSHIWARA,,,,,061,K/W,,,,KW 5328 [2A] CTS NO 321 1 PT VILLAGE OSHIWARA BEHRAM B AUG JOG [W] HOUSE WITH SHOPS SRA BUILDING,False
44,KW1511773370000,",BLDG NO A & B WING, GR FLOOR, SOCIETY OFFICE,OM HEERA PANNA, NEW LINK ROAD, VILLAGE OSHIWARA,JOGESHWARI (WEST) MUMBAI 400102",Mixed Legend,M/S  ANAND SEVA SAMITI SRA CHS (PROP) ,VILLAGE OSHIWARA,,,,,061,K/W,,,,"KW 5349(2A/3/1) CTS NO 155(PT) VILLAGE OSHIWARA, JOGESHWARI(W) ASSD WITH KW 5349(2A/3) HOUSE WITH SHOPS A & B WING M/S ANAND   SEVA SAMITI SRA CHS",False
45,KW1511840310000,",LINK RD,VILLAGE OSHIWARA,NEAR TECH.WEB JOGESHWARI(W),MUMBAI 400102",Mixed Legend,M/S DIAMOND CHS LTD NEW ,VILLAGE OSHIWARA,,,,,061,K/W,,,,"KW-5358, CTS-198, SR N.26/3 NEW LINK RD. OSHIWARA VILLAGE, HOUSE WITH SHOPS, DIAMOND C.H.S.A & B WING",False
46,KW1511840400000," ,,302, LOTUS HOUSE ,6, NEW MARINE LINES,,MUMBAI 400020",Mixed Legend,M/S V  TECHWEB (INDIA) PVT LTD,VILLAGE OSHIWARA,,,,,061,K/W,,,,"KW-5359, CTS.-131,133,233,OSHIWARA VILLAGE,NEW LINK RD. R C C BLDG TECHWEB CENTER  AS 'I.T. PARK'",False
47,KW1513978090000,",DEPTT.STATE BANK OF INDIA,,HEAD OFFICE,12TH FLOOR,,MADAM CAMA RD,MUMBAI-400 021.",Mixed Legend,DY.GENERAL MANAGERPREMISES ,VILLAGE OSHIWARA,,,,,061,K/W,,,,"KW-5566[19] PL.NO.19, OSHIVARA VILLAGE JOG.[W] HOUSE BLDG.NO.38",False
48,KW1513990970000,",2,HOME STAND,16TH DATTATRAYA RD,SANTACRUZ WESTMUMBAI 400052",Mixed Legend,MORYA GALANI ENTERPRISES ,VILLAGE OSHIWARA,,,,,061,K/W,,,,KW-5611 (B-25) S NO 41 PLOT NO 25 OSHIWARA  VILLAGE   MOURYA LAND MARK  .,False
49,KW1513999410000,"
4TH FLOOR, PRIUS INFINITY, SUBHASH ROAD, NEAR AXIS BANK, VILEPARLE (EAST), MUMBAI-400057",Mixed Legend,RELIANCE ENTERPRISES ,VILLAGE OSHIWARA,,,,,061,K/W,,,,"CTS 2,7,8,, VILLAGE OSHIWARA, 16,17,18,19, ETC, NEW LINK ROAD  OSHIWARA, PLOT OF LAND RCC BUILDING ''A'' WING",False
50,KW1514010910000,",ADARSH NAGER NEW LINK RD,VILLAGE OSHIWARA JOG(W),MUMBAI 400102",Mixed Legend,SECY ANNAPURNA CHS LTD ,VILLAGE OSHIWARA,,,,,061,K/W,,,,"KW 5566(2B/DA) CTS NO 14&26 VILLAGE OSHIWARA  NEW LINK RD JOGESHWARI(W), ANNAPURNA CO-OP HSG SOC. LTD. .",False
51,KW1514011480000,",NEAR SERINITY COMPLEX,NEXT TO CITY INTERNATIONAL,SCHOOL VILLAGE OSHIWARAANAND NAGAR JOGE",Mixed Legend,M/S OM SHREE JAI AMBE C H S ,VILLAGE OSHIWARA,,,,,061,K/W,,,,"KW 5349(2A/2),CTS NO 155 PT158 PT 171&172 PT(ALL IN PARTS)  VILLAGE OSHIWARA JOG (W) PLOT OF LAND  .",False
52,KW1514089320000,",GOREGAON DIVISION,GRIH NIRMAN BHAVAN,BANDRA EASTMUMBAI 400051",Mixed Legend,B H AND A D BOARD ,VILLAGE OSHIWARA,,,,,061,K/W,,,,KW-5611(EWS/75) 41 OSHIWARA VILLAGE  A C CHAWL   .,False
53,KW1514127270000,"
LTD.3/4 S.V.RD,TURNER RD.,JUNCTION,BANDRA (W),,MUMBAI 400050.",Mixed Legend,HINDUSTAN PETROLEUM CORP. ,VILLAGE OSHIWARA,,,,,061,K/W,,,,"KW-5611(H/A-25) PL.NO.A25 NEW LINK RD., OSHIWARA,PETROL PUMP WITH STORE & ATM.",False
54,KW1514361110000,"
(RETAIL),BHARAT PETROLEUM,CORPORATION LTD.BENZINE,INSTALLATION,SEWREE FORT RDSEWREE(E),MUMBAI-400015",Mixed Legend,THE MANAGERTERITORY ,VILLAGE OSHIWARA,,,,,061,K/W,,,,"KW-5611(H/A-14) PL.NO.14,41 OSHIWARA VILLAGE PETROL PUMP WITH A.T.M.CENTRE.",False
55,KW1514362600000,",SOCIETY12/73 SANGAM CHSNEW LINK ROADNEAR ADARSH NAGARPETROL PUMP JOG WEST B'102",Mixed Legend,ORIENTA EDUCATION ,VILLAGE OSHIWARA,,,,,061,K/W,,,,"KW-5611(EWS-13),PL.NO.A-13,NEW LINK RD.OSHIWARA HOUSE AS ORIENTAL PUBLIC SCHOOL.",False
56,KW1514400460000,",PLOT NO.A-23 MHADA COMPLEX  NEW LINK ROAD OSHIWARA   MUMBAI 400053",Mixed Legend,M/S. MHADA ,VILLAGE OSHIWARA,,,,,061,K/W,,,,PLOT NO.A-23 MHADA COMPLEX  NEW LINK ROAD OSHIWARA   VILLAGE OSHIWARA Mumbai 400053,False
57,KW1514124250000,"
CO OP HSG SOCY LTD,PLOT NO B 18,OSHIWARA LINK RDANDHERI WESTMUMBAI 400058",C,SECY NAVKAR PREMISES ,VILLAGE OSHIWARA,,,,,061,K/W,,,,KW-5611 (B 18) PLOT NO B 18  OSHIWARA LINK RD L U C,False
58,KW1514134990000,"
LTD OPP MASTAKAR PETROL PUM,P ADARSHA NAGAR OSHIWARA,JOGESHWARI (W) MUM 102",C,OSHIWARA SHOPPING CO OP SOC ,VILLAGE OSHIWARA,,,,,061,K/W,,,,KW 5611(A-10-5G-13) S NO 41 PT VILLAGE OSHIWARA   A C SHED OSHIWARA LINK SHOPPING,False
59,KW1514139360000,"
BLDG NO 7 6TH FLOOR,OFF,LINK ROAD,MALAD (W),MUMBAI 400064",C,BHARTI AIRTEL LTDINTERFACE ,VILLAGE OSHIWARA,,,,,061,K/W,,,,"KW-5611(H-67-73/DME) PLOT NO 67-73 S NO 41,PT OSHIWARA SITE:OSHIWARA TARAPORE CHSL,TARAPORE GARDEN PHASE II, SITE FORDIGITAL MINI EXCHANGE(DME)BHARTI AIRTEL,A/W KW -5611(H-67-73)",False
60,KW1514140700000,"
J. V. P. D. SCHEME, VILE PARLE ( WEST ), MUMBAI , 400056",C,DR. DEAN H.B.T. MED. COLLEGE & DR.R.N. COOPER HOSPITAL BRIHANMUMBAI MAHANAGARPALIKA ,VILLAGE OSHIWARA,,,,,061,K/W,,,,KW5611(2A/AB/1) PLOT NO 2A S.NO 41 (PT) CTS NO 1/122A&1/223A VILLAGE OSHIWARA LINK ROAD JOGESHWARI WEST MUNICIPAL MATERNITY HOME AND DISPENSARY ASSESSED WITH KW 5611(2A/AB),False
61,KW1514362430000,"
603 CHIRA BAZAR,GIRGAON RD,MUMBAI 400002",C,MAHESHWARI PRAGATI MANDAL ,VILLAGE OSHIWARA,,,,,061,K/W,,,,KW-5611 (R-14) (R-15) PL NO R 14 & R 15 OSHIWARA VILLAGE NEW LINK ROAD JOGESHWARI (W)  RCC BUILDING AS CEREMONY HALL,False
62,KW1514367150000,"
OSHIWARA ANDHERI [W] MUMBAI, 60,",C,NEW SWASTIK LAND DEVP CORP ,VILLAGE OSHIWARA,,,,,061,K/W,,,,KW 5611 [B-22/A] CTS NO 587 TO 591 OF VILLAGE OSHIWARA ANDHERI [W] PLOT OF LAND,False
63,KW1514403050000,"
- GTL INFRASTRUCTURE LTD MEASTRAL ",C,MS RELIANCE INFOCOM GTL INFRASTRUBTURE LTD ,VILLAGE OSHIWARA,,,,,061,K/W,,,,- - AL-Arafat Chs - Millat Nagar Oshiwara Village Nr.Yamuna Nagar Andheri(W) VILLAGE OSHIWARA Mumbai 400053,False
64,KW1514404530000,"
403 SKYLINE ICON NR. MITTAL INDUSTRIAL ESTATE ANDHERI-KURLA ROAD  ANDHERI (W)  MUMBAI 400059 MAHARASHTRA",C,MS ATC TELECOM TOWER ,VILLAGE OSHIWARA,,,,,061,K/W,,,,"ATC Antena installed in , the premises of, Shalimar Morya Park , Building, New Link Road, Village Oshiwara, Andheri(w), Mumbai, 400053, VILLAGE OSHIWARA,",False
65,KW1604600090000,"
C/O AIBANI STONE,SUPPLYING CO,48 AMBOLI HILLMUMBAI 400102",C,A AHMED CHUNAWALLA ,VILLAGE OSHIWARA,,,,,061,K/W,,,,"KW-5642(13) 15L, CTS NO 722,722/1 OSHIWARA VILLAGE.ANDHERI(W)  ARC PLAZA SERVICE IND. ESTATE",False
66,KW1604650190000,",VEERA DESAI RD.OSHIWARA,,ANDHERI (W),MUM-58.,",C,PRATHAMESH SCHOOLM.C.SHAH ,VILLAGE OSHIWARA,,,,,061,K/W,,,,"KW-5642(15AB),CTS-723,VILLAGE OSHIWARA, ROYAL PALACE AS GUEST HOUSE / OFFICE",False
67,KW1510600060000,",BLDG NO 3, NOBLE CHAMBER,,PARSI BAZAR, MUMBAI 400 001,",R,PARSI V & T SOCIETY ,VILLAGE OSHIWARA,,,,,061,K/W,,,,"KW-5326(1),CTS-71B,OSHIWARA,BEHRAM BAUG,HOUSE BLDG NO.3.",False
68,KW1510650240000,",NO.1(YAZAD) CO.OP.HSG.SOC.,LTD.,BEHRAM BAUG,PARSI,COLONY,OSHIWARA,JOGESHWARI(W),MUMBAI 400 102.",R,SECYBEHRAMSHAH SHROFF BLDG ,VILLAGE OSHIWARA,,,,,061,K/W,,,,KW-5238(1ABC) CTS NO 293/1 17/286 294 303 BANDIVLI HILL HOUSE BLDG NO 1,False
69,KW1510650410000,",PARSI COLONY,BLDG. NO.2,,BEHARAM BAUG, JOGESHWARI(W),MUMBAI 400 102.",R,ZORASTRIAN RADIM SOCIETY ,VILLAGE OSHIWARA,,,,,061,K/W,,,,KW 5328 (1ABC/1) CTS 293 P T 293 1 5 6 (PT) ETC BEHRAM BAUG JOGESHWARI WEST HOUSE BLDG 2,False
70,KW1510650590000,",PARSI COLONY, BLDG NO.8,,BEHARAM BAUG (CHAE-CHASTI),C.H.S., BEHARAM BAUG,JOGESHWARI (W),MUMBAI 400 102.",R,ZORASTRIAN SOCIETY ,VILLAGE OSHIWARA,,,,,061,K/W,,,,"KW-5328[1AB/1] CTS 293 [PT] 293 1,5,6,PT.ETC BEHRAM BAUG JOG.[W] HOUSE BLDG.NO.8 CHAECHAST",False
71,KW1510650670000,",RADIH SOC.VASTA HOUSE,JANMABHOOMI MARG,MUMBAI 400001",R,TRUSTEES ZORASTRIAN ,VILLAGE OSHIWARA,,,,,061,K/W,,,,KW-5328[1AB/2] CTS 293 [1 TO 5]6 PT ASSESSED WITH 5328[1AB/1] BEHRAM BAUG OSHIVARA VILLAGE HOUSE  BLDG.NO.4 HORMUZD,False
72,KW1510650750000,",SOC.VASTA HOUSE,JANMABHOOMI MARG,MUMBAI 400001",R,TRUSTEE ZORASTRIAN RADIH ,VILLAGE OSHIWARA,,,,,061,K/W,,,,KW-5328[1AB/3] ASSESSED WITH 5328[1AB/1]CTS.NO.293[PT] 293[1-5]6/PT BEHARAM BAUG OSHIWARA VILLAGE HOUSE- BLDG.NO.5 FIROZ-GHAR,False
73,KW1510650830000,",SOC.VASTA HOUSE 4TH FLOOR,JANMABHOOMI MARG MUMBAI,4OOOO1",R,TRUSTEE ZORASTRIAN RADIN ,VILLAGE OSHIWARA,,,,,061,K/W,,,,"KW 5328[1AB/4]ASSESSED WITH 5328[1AB/1] CTS.NO.293[PT]293[1TO5]6[PT]BEHARAM BAUG OSHIVARA VILLAGE HOUSE ,BLDG.NO.6DADGHAR",False
74,KW1510650910000,",BLDG .NO 7, (SHAH BEHRAM CHS LTD, BEHRAM BAUG , PARSI COLONY, , OSHIWARA JOGESHWARI( WEST) MUMBAI 400102",R,M/S BEHRAMSHAW  SHROFF ,VILLAGE OSHIWARA,,,,,061,K/W,,,,KW=5328[1AB/5]ASSESSED WITH 5328[1AB/1] CTS.NO.293[PT]293[1TO5]6[PT]BEHARAM BAUG OSHIWARA VILLAGE HOUSE BLDG.NO.7SHAH BAHRAM,False
75,KW1510651130000,",SOCIETY,VASTA HOUSE,,JANMABHOOMI MARG,FORT,,MUMBAI-400001",R,TRUSTEE ZORASTRIAN RADIH ,VILLAGE OSHIWARA,,,,,061,K/W,,,,KW 5328 [1AB/9-10] CTS 293PT 321 & 286 OSHIWARAVILLAGE HOUSE BLDG NO 9A & 9B,False
76,KW1510651300000,",VASTA HOUSE, JANMA BHOOMI MARG,,,FORT, MUMBAI 400 001.",R,THE TRUSTEES OF ZORASTRIAN RADIH SOCIETY ,VILLAGE OSHIWARA,,,,,061,K/W,,,,KW 5328 [1AB/15] CTS NO 321/2 BEHRAM BAUG JOG [W] PLOT OF LAND,False
77,KW1511680280000,"
LINK PALACE C.H.S.LTD.,BEHARAM BAUG,NEW LINK RD,OSHIWARA JOGESHWARI(W)MUMBAI 400102",R,INDIAN AIR LINES EMPLOYEES ,VILLAGE OSHIWARA,,,,,061,K/W,,,,"KW-5338[1A](AF-103), CTS NO.270,BEHRAM BAUG/ OSHIVARA JOG.[W] ASSESSED WITH 5338[1] HOUSE A WING LINK PALACE FLAT 103",False
78,KW1511770860000,",NEW OSHIWARA,LINK ROAD,,OSHIWARA VILLAGE,,JOG(W) MUMBAI-400102",R,SEC PEARL C.H.S.LTD. ,VILLAGE OSHIWARA,,,,,061,K/W,,,,"KW 5349[3]. LINK ROAD, BEHRAM BAUG, OSHIWARA VILLAGE, JOGESHWARI [W]. HOUSE PEARL.",False
79,KW1511773530000,",Anand Nagar CTS NO. 1(PART)OF VILLAGE OSHIWARA, ANDHERI(W)   Mumbai 400102",R,Valmiki SRA CHS LTD AND Anand Nagar SRA CHS LTD Developer MS Nimesh Global Syndicate ,VILLAGE OSHIWARA,,,,,061,K/W,,,,"Anand Nagar CTS NO. 1(PART)OF VILLAGE OSHIWARA, ANDHERI(W)   Mumbai 400102",False
80,KW1511841470000,"
GREEN CHS LTD NEW LINK RD,VILLAGE OSHIWARA,JOGESHWARI (W) MUMBAI 400 102",R,THE SECRETARY EVERSHINE ,VILLAGE OSHIWARA,,,,,061,K/W,,,,"KW 5359 (3A)/F-401 CTS NO 96 TO 100,113 TO 118,121 (PART) VILLAGE OSHIWARA  NEW LINK RD  HOUSE CAUSARINA `B' WING  FLAT- 401",False
81,KW1511841630000,"
CHS LTD  NEW  LINK  RD, VILLAGE OSHIWARA,JOGESHWARI (W)  MUMBAI  400 102",R,THE SECY EVERSHINE GREEN ,VILLAGE OSHIWARA,,,,,061,K/W,,,,,False
82,KW1511841800000,",TRUST NEAR EVERSHINE GREEN,CHS L NEW LINK RD OSHIWARA,JOGESHWARI [W] MUMBAI 400 102",R,M/S RAIGAD MILITARY SCHOOL ,VILLAGE OSHIWARA,,,,,061,K/W,,,,"KW 5359 (8) CTS NO 99 TO 102,111 TO 113,124 TO 129,141 ,145,146,148 & 150 VILLAGE OSHIWARA  JOGESHWARI (W) HOUSE AS SCHOOL M/S RAIGAD MILITARY SCHOOL",False
83,KW1511841980000,"
TRUST NEAR EVERSHINE GREEN,CHS LTD LINK RD OSHIWARA,JOGESHWARI [W] MUMBAI 400 102",R,M/S RAIGAD MILITARY SCHOOL ,VILLAGE OSHIWARA,,,,,061,K/W,,,,KW 5359 [8A] CTS NO 99PT TO 102PT 111PT TO 113PT 124PT TO 129PT 141PT TO 150PTOSHIWARA VILLAGE JOG [W] RAIGAD MILITARY SCHOOL,False
84,KW1511842100000,",NEW LINK RD  NEAR V-TECHWEB ,OSHIWARA VILLAGE JOGESHWARI,(W) MUMBAI 400102",R,M/S VIJAY VISHAL CHS LTD  . ,VILLAGE OSHIWARA,,,,,061,K/W,,,,"KW-5357[1B],, CTS NO 181, 182B ,186,OSHIWARA VILLAGE,, NEW LINK ROAD,JOGESHWARI WEST ASSESSED WITH KW 5357, HOUSE BUILDING NO 1B M/S VIJAY VISHAL CHS LTD.",False
85,KW1511842360000,"
CTS NO 181 182B 186,NEW,LINK RD NEAR DIAMOND CHS,OSHIWARA VILLAGE JOGESHWARI(W) MUMBAI 400 102",R,M/S VIJAY VISHAL CHS LTD ,VILLAGE OSHIWARA,,,,,061,K/W,,,,"KW 5357[2B],,CTS NO 181 182-B 186, OSHIWARA VILLAGE,, NEW LINK ROAD ,JOGESHWARI (WEST ) ASSESSED WITH KW 5357, HOUSE BUILDING NO 2B M/S VIJAY VISHAL CHS LTD",False
86,KW1511842790000,"
SCOUT CAMP, BEHRAM BAUG,,JOGESHWARI (W),MUMBAI",R,DEVAN SASHI ACHARYA ,VILLAGE OSHIWARA,,,,,061,K/W,,,,"KW-5359(8E) CTS NO- 126 OSHIWARA VILLAGE,A.C. SHED AS HOUSE .",False
87,KW1511842950000,",plot bearing CTS No.109, 110,111,112,128,129,130, 240,241,242A ( all in  part) of village OSHIWARA   Mumbai 400102",R,M/s. ,VILLAGE OSHIWARA,,,,,061,K/W,,,,"plot bearing CTS No.109, 110,111,112,128,129,130, 240,241,242A ( all in  part) of village OSHIWARA   VILLAGE OSHIWARA Mumbai 400102",False
88,KW1513976980000,",CO-OP HOUSING SOCIETY LTD.,GAONDEVI MHADA HSG COMPLEX,NEW LINK ROAD BLDG NO 4 JOGESHWARI WEST MUMBAI 400 102.",R,THE SECRETARY OSHIWARA KAVERI ,VILLAGE OSHIWARA,,,,,061,K/W,,,,KW-5566(4) CTS 2PT 3PT 5PT 6PT AND 155PT  OSHIWARA VIL LAGE LIG II HOUSE KAVERI,False
89,KW1513977610000,",BH&AD AUTHORITY,GRIHA NIRMAN BHAVAN,KALA NAGARBANDRA EASTMUMBAI 400051",R,EXECUTIVE ENGINEER ,VILLAGE OSHIWARA,,,,,061,K/W,,,,KW-5566{H-15] OSHIVARA PLOT NO.15 JOG.[W] HOUSEBLDG.NO.34,False
90,KW1513977870000,",B H & A D AUTHORITY,GRIHA NIRMAN BHAVAN,KALA NAGARBANDRA EASTMUMBAI 400051",R,EXECUTIVE ENGINEER ,VILLAGE OSHIWARA,,,,,061,K/W,,,,"KW-5566[H17] PL.NO.17,OSHIVARA VILLAGE JOG.[W] HOUSE BLDG.NO.36",False
91,KW1513977950000,",IES MANAGEMENT DIVISION,SECURITIES & EXCHANGE BOARD,OF INDIA PLOT NO C4-AG BLOCK BANDRA KURLA COMPLEX BANDRA EAST MUMBAI 400051",R,THE GENERAL MANAGERFACILIT ,VILLAGE OSHIWARA,,,,,061,K/W,,,,"KW-5566[H-18] PL.NO.18,OSHIVARA VILLAGE JOG.[W] HOUSE BLDG.NO.37",False
92,KW1513978170000,",BH & AD AUTHORITY,GRIHA NIRMAN BHAVAN,KALA NAGARBANDRA EASTMUMBAI 400051",R,EXECUTIVE ENGINEER ,VILLAGE OSHIWARA,,,,,061,K/W,,,,"KW-5566[H-24] PLOT NO. 24,OSHIVARA VILLAGE JOG.[W] HOUSE BLDG.NO.33",False
93,KW1513978760000,",BLDG NO 14 PLOT NO H-48,OSHIWARA MHADA RESIDENTIAL,COMPLEXANDHERI WESTMUMBAI 400053",R,RAJANI GANDHA CHS. ,VILLAGE OSHIWARA,,,,,061,K/W,,,,KW-5611(H-48)/F-104 PLOT NO.48 OSHIVARA VILLAGE HOUSE BLDG. NO. 14,False
94,KW1513979310000,",BLDG NO 18 PLOT NO H-53,MHADA RESIDENTIAL COMPLEX,OSHIWARA ANDHERI WESTMUMBAI 400058",R,OSHIWARA AMITY ,VILLAGE OSHIWARA,,,,,061,K/W,,,,KW-5611 (H-53) PLOT NO H-53 OSHIWARA VILLAGE HOUSE BLDG NO 18,False
95,KW1513979900000,",LTD.,EXTN,NEW LINK RD,OPP,OSHIWARA POLICE STATIONH.66,BUILDING NO 2ANDHERI WEST MUMBAI 400053",R,SECYANUSHKA CO OP HSG SOC ,VILLAGE OSHIWARA,,,,,061,K/W,,,,KW 5611 (H-60) PLOT NO 60 VILLAGE OSHIWARA HOUSE BLDG NO H-60,False
96,KW1513980150000,",PLOT NO H-61 BLDG NO 3,NEW LINKING RD,OPP.OSHIVARA POLICE STATIONANDHERI WESTMUMBAI 400053",R,SEC AROMA CO OP HSG SOC LTD ,VILLAGE OSHIWARA,,,,,061,K/W,,,,KW 5611 (H-61) PLOT NO 61 VILLAGE OSHIWARA HOUSE BLDG NO H-61,False
97,KW1513980230000,",BLDG NO 4.PLOT NO H-62,MHADA RESIDENTIAL COMPLEX,ANDHERI WESTMUMBAI 400058",R,SEC SUNSHINE CHS ,VILLAGE OSHIWARA,,,,,061,K/W,,,,KW 5611 (H-62) PLOT NO 62 VILLAGE OSHIWARA HOUSE BLDG NO H-62,False
98,KW1513985030000,",B1 & B2 SERINITY COMPLEX,VILLAGE OSHIWARA MHADA,JOGESHWARI(W) MUMBAI 400102",R,SHRI SAI CHS (PROP) TOWER ,VILLAGE OSHIWARA,,,,,061,K/W,,,,"KW 5566(8) CTS NO 121,122,151 TO 154,155(PT),172 VILLAGE OSHIVARA,NEW LINK RD , JOGESHWARI[W] HOUSE TOWER B1 & B2",False
99,KW1513986190000,",SERINITY COMPLEX OSHIWARA,MHADA JOGESHWARI [W],MUMBAI 102",R,SECY SAI CHS LTD ,VILLAGE OSHIWARA,,,,,061,K/W,,,,KW 5566 [8/D] CTS 121 122 151 TO 154 155 [PT] NEW LINK RD OSHIWARA SHRI SAI CHS  BLDG TOWER A,False
100,KW1513986270000,",PROPERTIES UNIT NO 154,ADARSH INDUSTRIAL ESTATE,SAHAR RD. CHAKALA ANDHERI EASTMUMBAI 400099",R,M R ENTERPRISES & MARS ,VILLAGE OSHIWARA,,,,,061,K/W,,,,KW 5566 [8/E] CTS 121-122-151 TO 154 155 [PT] NEW LINK RD OSHIWARA M/S CITY INTERNATIONAL SCHOOL C WING,False
101,KW1513986430000,",OSHIWARA MHADA,JOGESHWARI [W],MUMBAI 102",R,SECY SAI CHS ,VILLAGE OSHIWARA,,,,,061,K/W,,,,KW 5566 [8/G] CTS 121 122 151 TO 154 155 [PT] 172 NEW LINK RD OSHIWARA SERINITY CLUB HOUSE GYM WITH SWIM MING POOL,False
102,KW1513996150000,"
AKASH GANGA,702, Oshiwara Yashodeep C H S Ltd.,, MHADA Layout, Oshiwara,,Jogeshwari (West), Mumbai - 400 102.",R,THE SECY OSHIWARA  YASHODEEP ,VILLAGE OSHIWARA,,,,,061,K/W,,,,KW. 5566(A\21)(F404) PLOT. NO R.12 (OLD-A21) (S.NO.41) OSHIWARA VILLAGE. (W) HOUSE AKASH GANGA FLAT 404,False
103,KW1513996580000,",OFF NEW LINK ROAD,,BEHIND MORYA ESTATE,,ANDHERI(WEST),MUMBAI-53.",R,SECRETARYDHEERAJ GAURAV HEIGHTS-III CHS LTD. ,VILLAGE OSHIWARA,,,,,061,K/W,,,,KW 5611 [B-22] PL NO B-22 CTS NO 587 VILLAGE OSHIWARA ANDHERI [W] DHIRAJ GAURAV HEIGHTS NO III,False
104,KW1513996820000,",HEIGHT -1 CHS LTD,PLOT NO 24 CTS NO 588 TO,598 VILLAGE ANDHERI OSHIWARA ANDHERI WESTMUMBAI-400053",R,THE SECY DHEERAJ GAURAV ,VILLAGE OSHIWARA,,,,,061,K/W,,,,"KW-5611(B19,B20) CTS 589 PL19,A.W.5611(19)&5611(B20) DHEERAJ GAURAV HEIGHT 1",False
105,KW1513996910000,",II CHS LTD,PLOT NO 24 CTS588-598,VILLAGE OSHIWARAANDHERI [W]MUMBAI 53",R,SECY DHEERAJ GAURAV HEIGHT ,VILLAGE OSHIWARA,,,,,061,K/W,,,,"KW5611(B23&B24),CTS590, PL-B23,A.W.5611(B23)&5611(B24)DHEERAJ GAURAV HEIGHTS II",False
106,KW1514011810000,",C/O M/S LASHKARIYA CONSTRUC,TION, FLAT NO 201,DIAMOND,CHS LTD,NEW LINK RD VILLAGEOSHIWARA JOGESHWARI (W)MUMBAI 400 102",R,M/S PERFECT CONSTRUCTION ,VILLAGE OSHIWARA,,,,,061,K/W,,,,KW-5562(2B/3) CTS NO 1(PART)& 651/A(PART) VILLAGE OSHIWARA JOGESHWARI (W) PLOT OF LAND,False
107,KW1514013510000,",NEAR  SERINITY COMPLEX,NEXT TO CITY INTERNATIONAL SCHOOL  ,VILLAGE OSHIWARA ANAND NAGAR JOG (W) MUMBAI",R,OM SHREE  JAI AMBE CHS  . ,VILLAGE OSHIWARA,,,,,061,K/W,,,,"KW5349(2A/2/1) CTS NO 155,158,171,172 (ALL IN PARTS) OSHIWARA JOGESHWARI WEST HOUSE OM SHREE JAI AMBE CHS LTD. ASSESSED WITH KW 5349(2A/2) .",False
108,KW1514114110000,",GARDENS CO OP HSG SC LTD.,ADARSH NAGAR NEW LINK RD,OPP.OSHIWARA POLICE STATIONOSHIWARA ANDHERI WESTMUMBAI 400053",R,HON SECY OSHIWARA TARAPORE ,VILLAGE OSHIWARA,,,,,061,K/W,,,,KW 5611 (P/4) BLDG H NO 4 OSIVRA  TARAPORE GARDEN HOUS E H BLDG NO 4,False
109,KW1514114290000,",GARDENS CO OP HSG SOC LTD,ADARSH NAGAR NEW LINK RD,OPP.OSHIWARA POLICE STATIONOSHIWARA ANDHERI WESTMUMBAI 400053",R,HON SECYOSHIWARA TARAPORE ,VILLAGE OSHIWARA,,,,,061,K/W,,,,KW 5611 (P/5) HOUSE I BLDG 5 OSHIVRA  TARAPORE GARDEN HOUSE I BLDG NO 5,False
110,KW1514114370000,",GARDENS CO OP HSG SOC LTD.,ADARSH NAGAR NEW LINK RD,OPP.OSHIWARA POLICE STATIONOSHIWARA ANDHERI WESTMUMBAI 400053.",R,HON.SECY OSHIWARA TARAPORE ,VILLAGE OSHIWARA,,,,,061,K/W,,,,KW 5611 (P/6) HOUSE J BLDG 6 OSHIVRA  TARAPORE GARDEN HOUSE J BLDG NO 6,False
111,KW1514123610000,"ORGANISATION,O-BLDG,LOKHANDWALA COMPLEXANDHERI WESTMUMBAI 400053",R,ARMY WELFARE HSG,VILLAGE OSHIWARA,,,,,061,K/W,,,,KW-5611 (H67-73-K) BLDG K  PLOT NO  H 67-73 S NO 41 PT OSHIWARA  HOUSE BLDG K,False
112,KW1514116230000,",BAL MANDIR ROAD,JUHU NORTH,MUMBAI",R,SMT RAJRANI MALHOTRA  VIDYALAY,VILLAGE OSHIWARA,,null,,null,061,K/W,,,,",BAL MANDIR ROAD,JUHU NORTH,MUMBAI",False
113,KW1514351070000,",HSG SOCIETY NEW LINK RD,OSHIWARA JOGSHWARI,WESTMUMBAI 400102",R,SEC AKASHGANGA CO OP ,VILLAGE OSHIWARA,,,,,061,K/W,,,,KW 5611 (5I) S NO 41 PART OSHIWARA VILLAGE JOGESHWARI HOUSE AKASH GANGA,False
114,KW1514351150000,",SCY NEW LINK ROAD,OSHIWARA JOGESHWARI WEST,MUMBAI 400102",R,SECRETARY VISHAL CO-OP HSG ,VILLAGE OSHIWARA,,,,,061,K/W,,,,KW 5611 (32) S NO 41 PART OSHIWARA VILLAGE HOUSE,False
115,KW1514351230000,",COHSG SOCIETY LTD,NEW LINK ROAD,JOGESHWARI WESTMUMBAI 400102",R,SECRETARY OSHIVARA JOHIG ,VILLAGE OSHIWARA,,,,,061,K/W,,,,KW 5611 (53) S NO 41 PART OSHIWARA VILLAGE HOUSE,False
116,KW1514351310000,",COOP HSG SOC LTD,HIG BUILDING NO 4,NEW LINK ROAD OSHIWARAJOGESHWARI WESTMUMBAI 400102",R,SECY OSHIWARA RAVI KIRAN ,VILLAGE OSHIWARA,,,,,061,K/W,,,,KW 5611 (54) S NO 41 PART OSHIWARA VILLAGE  JOGESHWARI WEST HOUSE,False
117,KW1514353790000,",ARCH SCHOOL A/7 MAZDOC COOP,SOCIETY 74 J P ROAD ANDHERI,MUMBAI 400058",R,HOLY ANGEL TRUST C/O MARBAL ,VILLAGE OSHIWARA,,,,,061,K/W,,,,KW-5611[29AA] PL.NO.29A OSHIVARA HOUSE AS SCHOOL,False
118,KW1514362190000,",BLDG NO 1,NEW LINK RD,OSHIWARA JOGESHWARI WEST,MUMBAI 400102",R,SAHYADRI CHS ,VILLAGE OSHIWARA,,,,,061,K/W,,,,KW-5611(5/5)HOUSE BLDG NO 1 SAHAYADRI,False
119,KW1514362270000,",BLDG NO 2 NEW LINK ROAD,OSHIWARA MUMBAI 400102,",R,THE SECY GIRNAR CHS ,VILLAGE OSHIWARA,,,,,061,K/W,,,,KW-5611(5/6)HOUSE BLDG NO 2 GIRNAR,False
120,KW1514362350000,",NEW LINK ROAD,OSHIWARA MUMBAI 61,",R,SECY SATPURA CHS LTD ,VILLAGE OSHIWARA,,,,,061,K/W,,,,KW5611(5/7)PLOT NO 5-7 BLDG NO 7 OF CTS NO 096 26 28 32 ETC OSHIVRA HOUSE,False
121,KW1514398620000,"
PATLIPUTRA NAGAR 4,OSHIVARA LINK ROAD ,JOGESHWARI(W)  MUM.",R,CHAIRMAN SHRI GANESH UTKARSHA SAMITEE ,VILLAGE OSHIWARA,,,,,061,K/W,,,,"KW5612(3/3A) CTS NO 1(PT) S. NO. 41 OSHIVARA VILLAGE JOGESHWARI(W) ""A. C. SHED AS A TEMPLE"" .",False
122,KW1511772300000,",(PROP) S.NO.41,HISSA NO.1A,,CTS NO.1(PT) OF VILLAGE,OSHIWARA, JOGESHWARI (W),MUMBAI-400 102.",r,THE SECRETARY JAI AMBE CHS ,VILLAGE OSHIWARA,,,,,061,K/W,,,,KW-5349(2A/1) CTS.NO.1(PT) S.NO.41(PT) & H.NO.14(PT) OSHIWARA VILLAGE JOG [W] HOUSE JAI AMBE CHS,False
123,KW1511680100000,"
LTD.C-WING,LINK RD.OSHIWARA,JOGESHWARI (W),MUM-400 102.,",R,THE SECY.LINK PALACE CHS. ,VILLAGE OSHIWARA,,,,,061,K/W,,,,"KW-5338(1)(F-403),CTS NO.270, OSHIWARA BEHRAM BAUG HOUSE LINK PALACE 'C'WING",False
124,KW1511841550000,"
CHS LTD NEW LINK RD,,VILLAGE OSHIWARA,,JOGESHWARI (W), MUMBAI-400102",R,THE SECY EVERSHINE GREEN ,VILLAGE OSHIWARA,,,,,061,K/W,,,,"KW 5359 (3B)/F-101 CTS NO 96 TO 100,113 TO 118,121 (PART) VILLAGE OSHIWARA NEW LINK RD HOUSE RED WOOD A WING FLAT-101",False
125,KW1513977280000,",& AREA DEV BOARD,GRIHA NIRMAN BHAVAN,KALA NAGARBANDRA EASTMUMBAI 400051",r,MAHARASHTRA HOUSING ,VILLAGE OSHIWARA,,,,,061,K/W,,,,KW-5566(2A) PLOT NO 26 S NO 41  OSHIWARA VILLAGE HOUSE KRISHNA,False
126,KW1513976710000,",, , ,, , , -",nR,MHADA SECY ,VILLAGE OSHIWARA,,,,,061,K/W,,,,KW 5566 (1) C T S 2PT 3PT 5PT 6PT AND 155PT  OSHIVARA VILLAGE LIG II  HOUSE GODAVARI,False
127,KW1513975820000,",DEVELOPMENT BOARD,GRIHA NIRMAN BHAVAN, KALA NAGAR, ,BANDRA (E), MUMBAI 400 051.",R,MAHARASHTRA HOS AND AREA ,VILLAGE OSHIWARA,,,,,061,K/W,,,,"KW-5566 CTS.3[PT]5[PT]6[PT]155[PT]GRAMDEVI MHADA COMPLEX OSIVARA VILLAGE, JOG.[W] HOUSE BLDG.NO.3-C",False
128,KW1513976800000,",BLDG NO  3 /NEW LINK RD,OSHIWARA JOGESHWARI WEST,MUMBAI 400102",R,SECY NARMADA CO OP HSG SOC ,VILLAGE OSHIWARA,,,,,061,K/W,,,,KW 5566 (3) CTS 2PT 3PT 5PT 6PT AND 155PT  OSHIVARA VI LLAGE LIG II  HOUSE NARMADA,False
129,KW1511120220000,"
RASHID SHAIKH SHAIKH,HOUSE PATEL WADI BEHRAM,BAUG JOGESHWARI WESTMUMBAI 400102",Mixed Legend,SHRI ABDUL GANI ABDUL ,VILLAGE OSHIWARA,,,,,061,K/W,,,,KW-5329 (25AC) BEHRAM BAUG A C SHED,False
130,KW1513978680000,",BLDG NO 15 PLOT  NO H-47,OSHIVARA MHADA RESIDENTILA,COMPLEX  ANDHERI WEST MUMBAI 400053",Mixed Legend,ADHOC COMMITTEE  . ,VILLAGE OSHIWARA,,,,,061,K/W,,,,KW 5611 (H-47) PLOT NO 47 OSHIWARA VILLAGE HOUSE BLDG NO 15,False
131,KW1513979810000,",BLDG NO 1 PLOT NO H-49,MHADA RESIDENTIAL COMPLEX,OSHIWARAANDHERI WESTMUMBAI 400058",Mixed Legend,SEC MARI GOLD CHS. ,VILLAGE OSHIWARA,,,,,061,K/W,,,,KW 5611(H-59) PLOT NO 59 VILLAGE OSHIWARA HOUSE BLDG NO 1 - MARIGOLD C H S L,False
132,KW1513980820000,",HSG. SOCIETY LTD. BLDG.NO.6,OSHIWARA NEW LINK RD.,ANDHERI(W),MUMBAI-53.",Mixed Legend,HON. SECY. TULIP CO-OP. ,VILLAGE OSHIWARA,,,,,061,K/W,,,,KW 5611 (H 66A) PLOT NO 66A VILLAGE OSHIWARA HOUSE BLD G NO H 66A,False
133,KW1513981210000,",DEPTT.,STATE BANK OF INDIA,,HEAD OFFICE,12 TH FL.MADAM,CAMA RD,MUMBAI-400021.",Mixed Legend,DY.GENERAL MANAGERPREMISES ,VILLAGE OSHIWARA,,,,,061,K/W,,,,KW-5611[H-20] PL.NO.20 OSHIVARA VILLAGE JOG.[W] HOUSEBLDG.NO.39,False
134,KW1513981470000,",DEPTT.STATE BANK OF INDIA,,HEAD OFFICE,12 TH FL.MADAM,CAMA RD,MUMBAI-400021.",Mixed Legend,DY.GENERAL MANAGERPREMISES ,VILLAGE OSHIWARA,,,,,061,K/W,,,,KW-5611[H-22] PLOT NO.22 OSHIVARA VILLAGE JOG.[W] HOUSEBLDG.NO.41,False
135,KW1513981550000,",BLDG NO. 42, MHADA OSHIWARA ,NEAR OSHIWARA POLICE STN. ,JOGESHWARI (W) ,MUMBAI 400 102.",Mixed Legend,OSHIWARA MATRUCHHAYA CO-OP HSG SOCIETY LTD ,VILLAGE OSHIWARA,,,,,061,K/W,,,,KW-5611[H-23] PL.NO.23 OSHIVARA VILLAGE JOG.[W] HOUSE BLDG.NO.42,False
136,KW1513981710000,",TAX (HQ),ADMINISTRATION AAYAKAR,BHAVAN .MAHARSHI KARVE RDMUMBAI 400020",Mixed Legend,ADDL.COMMISSIONER OF INCOME ,VILLAGE OSHIWARA,,,,,061,K/W,,,,KW 5611 (H-36) PLOT NO 36 OSHIWARA VILLAGE HOUSE BLDG NO 24,False
137,KW1513984900000,",OSHIWARA MHADA JOGESHWARI [,W],MUMBAI 102",Mixed Legend,SECY PARTH CHS BLDG NO 43 ,VILLAGE OSHIWARA,,,,,061,K/W,,,,"KW-5566(A-16),CTS1/PT,PL-A16,MHADA COMPLEX HOUSE PARTH CHS BLDG-43.",False
138,KW1513986510000,",PLOT NO  R-13,OSHIWARA MHADA NEW LINK RD,JOGESHWARI WESTMUMBAI 400102",Mixed Legend,SECY EKDANT C H S LTD ,VILLAGE OSHIWARA,,,,,061,K/W,,,,"KW 5566 (R-13) S NO 41 (PT) MHADA,VILLAGE OSHIWARA JOGESHWARI (W) HOUSE WITH SHOPS 'M/S EKDANT CHS LTD'",False
139,KW1513986780000,",D OPP GLOBAL CHAMBER BEHRAM,BAUG JOGESHWARI [W],MUMBAI 102",Mixed Legend,M/S PERFECT COST NEW LINK R ,VILLAGE OSHIWARA,,,,,061,K/W,,,,KW 5562 [2B/1] CTS NO 1PT S NO 41PT BEHRAM BAUG VILLAG E OSHIWARA JOG [W] HOUSE WITH SHOPS JOG GAONDEVI SRA CHS LTD BUILDING B WING,False
140,KW1514012290000,",(PROP) CTS NO 29(PT)32(PT),34(PT)35(PT)36(PT) VILLAGE,OSHIWARA,NEW LINK ROADJOGESHWARI(W) MUMBAI 102",Mixed Legend,MS/ SHIV SFURTI SRA CHS ,VILLAGE OSHIWARA,,,,,061,K/W,,,,KW-5562(35/H) CTS NO 29(PT)32(PT)34(PT)35(PT)36(PT) VILLAGE OSHIWARA JOGESHWARI(W) PLOT OF LAND,False
141,KW1514013260000,",M/S PERFECT CONSTRUCTION, BR NO. 102, DAIMOND CHS LTD,,NEW LINK ROAD, VILLAGE OSHIWARA, NEAR V.TECH WEB CENTRE,,JOGESHWARI(W) MUMBAI",Mixed Legend,M/S PERFECT CONSTRUCTION ,VILLAGE OSHIWARA,,,,,061,K/W,,,,"KW 5562(2B/4AB) CTS NO 1(PT),651/A(PT) VILLAGE OSHIWARA, JOGESHWARI(W) PLOT OF LAND .",False
142,KW1514014230000,"
- Plot of land P.Of Land for Rehab B.N.2 - New Link Road, Near New link Road Oshiwara Jogeshwari ( W ) Mumbai 400102",Mixed Legend,M/s. Roshan Nagar SRA CHSL. - - ,VILLAGE OSHIWARA,,,,,061,K/W,,,,"- Plot of land P.Of Land for Rehab B.N.2 - New Link Road, Near New link Road Oshiwara Jogeshwari ( W ) VILLAGE OSHIWARA Mumbai 400102 SRA BUILDING NO- 2 ROSHAN NAGAR, ANDHERI (WEST)",False
143,KW1514094750000,",GOREGAON DIVISION,GRIH NIRMAN BHAVAN,BANDRA EASTMUMBAI 400051",Mixed Legend,B H AND A D BOARD ,VILLAGE OSHIWARA,,,,,061,K/W,,,,KW-5611(EWS/85) 41 OSHIWARA VILLAGE  A C CHAWL EWS-85 ROOM NO 824 TO 833,False
144,KW1604620280000,",MONARCH & QURESHI BUILDERS,LAXMI PALACE,76 MATHURADAS RDKANDIVALI WEST MUMBAI 67",Mixed Legend,DEVELOPER RAVI GROUP ,VILLAGE OSHIWARA,,,,,061,K/W,,,,"KW-5642(14C),, CTS NO.575(PT) & S.NO.44(PT),,,, VILLAGE OSHIVARA,HOUSE REHAB BLDG NO 1 A WING.",False
145,KW1604620440000,",D LAXMI PALACE 76 MATHURDAS,RD KANDIVALI [W] MUMBAI 67,",Mixed Legend,M/S BYRAMJI JIJIBHOY PVT LT ,VILLAGE OSHIWARA,,,,,061,K/W,,,,KW 5642 [14D] CTS NO 567/1 TO 44 574 574/1TO86 575 575 1TO52 576 TO 578 VILLAGE OSHIWARA VEERA DESAI ROAD HOU SE REHAB BLDG NO 2,False
146,KW1604620520000,",D LAXMI PALACE 76 MATHURDAS,RD KANDIVALI [W] MUMBAI 67,",Mixed Legend,M/S BYRAMJI JIJIBHOY PVT LT ,VILLAGE OSHIWARA,,,,,061,K/W,,,,KW 5642 [14E] CTS NO 567/1 TO 44 574 574/1TO 86 575 57 5 1TO52 576 TO 578 VILLAGE OSHIWARA HOUSE REHAB BLDG N O3,False
147,KW1604620790000,",LAXMI PALACE 76 MATHURDAS R,D KANDIVALI [W] MUMBAI 67,",Mixed Legend,M/S BYRAMJI JIJIBHOY PVTLTD ,VILLAGE OSHIWARA,,,,,061,K/W,,,,KW 5642 [14G] CTS NO 567/1 TO 44 574 574/1TO 86 575 57 5 1TO 52 576 TO 578 VILLAGE OSHIWARA HOUSE REHAB BLDG NO 5.,False
148,KW1604620870000,",D LAXMI PALACE 76 MATHURDAS,RD KANDIVALI [W] MUMBAI 67,",Mixed Legend,M/S BYRAMJI JIJIBHOY PVT LT ,VILLAGE OSHIWARA,,,,,061,K/W,,,,KW 5642 [14H] CTS NO 567/1 TO 44 574 574/1 TO 86 575 5 75 1TO 52 576 TO 578 VILLAGE OSHIVARA HOUSE  REHAB BLD G NO 6,False
149,KW1604630160000,",Near Infinity Mall, Off.Link Road, ANDHERI (W), MUMBAI, 400053",Mixed Legend,M/s. Evershine Cosmic Co-op. Hsg.Soc.Ltd. ,VILLAGE OSHIWARA,,,,,061,K/W,,,,"KW-5642[14J],,CTS NO 567 567 1TO44 574 574 1TO86 575 5 75 1TO52 576 TO 578,VILLAGE OSHIWAR,,,,PLOT OF LAND.",False
150,KW1513981390000,",BLDG NO 40,OSHIWARA MHADA,NEW LINK RD JOGESHWARI(W),MUMBAI 400102",nR,SECY OSHIWARA SARGAM CHS L ,VILLAGE OSHIWARA,,,,,061,K/W,,,,"KW 5611[H-21/F-505],OSHIWARA SARGAM CHSL, PLOT NO 21,VILLAGE OSHIWARA,,,ANDHERI [W], HOUSE WITH SHOPS BLDG NO 40, FLAT NO 505",False
151,KW1511772810000,"
OPP HEERA PANNA SHOPPING CE,NTRE OSHIWARA JOG [W] NEW L,INK RD JOGESHWARI (W), ",C,M/S ANAND SEVA SAMITI SRA ,VILLAGE OSHIWARA,,,,,061,K/W,,,,"KW 5349[2A/3] CTS NO 155 (PT) SNO 31 H NO 1,2 & 3A VILLAGE OSHIWARA JOGESHWARI [W]  HOUSE- RELIABLE PRIDE SHOPS & OFFICES  .",False
152,KW1511841710000,"
CAUSARINA`A'CO OP HSG SOC,LTD.(PROP),OSHIWARA MHADA COMPLEXLINK RD JOGESHWARI WEST MUMBAI 400102",C,THE SECY EVERSHINE GREEN ,VILLAGE OSHIWARA,,,,,061,K/W,,,,"KW 5359 (3D) CTS NO 96 TO 100,113 TO 118,121 (PART) VILLAGE OSHIWARA ELECTRIC SUB STATION",False
153,KW1511842440000,"
-, Raigad Comm. Complex Bldg, Raigad Commercial Complex, -, New Link Road, Near Raigad Miltry School, Oshiwara, Jogeshwari ( W ), Mumbai, 400102",C,M/s. Raigad Commercial Complex Co Op Society Ltd ,VILLAGE OSHIWARA,,,,,061,K/W,,,,"KW-5359[8C],,CTS NO 99 TO 102 111 TO 113 124 TO 129 14 1 145 146 148 &150,VILLAGE OSHIWARA,,,JOGESHWARI WEST ASSESSED WITH KW 5359[8],PLOT OF LAND.",False
154,KW1512190130000,"
MUDLIAR NEW LINK RD,SWAMI AUTO GARAGE, BEHRAM BAUG,,JOGESHWARI( WEST)   MUMBAI ",C,SHRI AROKIASWAMY ,VILLAGE BANDIVALI,,,,,061,K/W,,,,KW-5388 (2) SURVEY NO 49 CTS 247 PT OSHIWARA NEW LINK ROAD A C SHED AS AUTO GARAGE,False
155,KW1513976390000,"
M H & A D BOARD,GRIHA NIRMAN BHAVAN KALA,NAGAR BANDRA EASTMUMBAI 400051",C,ESTATE MANAGER II 1ST FLOOR ,VILLAGE OSHIWARA,,,,,061,K/W,,,,KW 5566 (2) S NO 41 PL NO A-26 OSHIWARA VILLAGE HOUSE AS SHOPPING CENTRE OSHIWARA LINK PLAZA HOUSE WITH OFFICES,False
156,KW1513985970000,"
HIRA PANNA ,PL-14,MHADA,VILLAGE OSHIWARA.OPPOSITE,YASHODEEP CHS LTD,JOGESHWARI (WEST) MUM-102.",C,SHRI ASHOK KUMAR M.JAINOM  . ,VILLAGE OSHIWARA,,,,,061,K/W,,,,"KW-5566(2B/C)/FS-77, CTS.1/155PT,S.N.41PT, OSHIWARA JOG(W)  OM HEERA PANNA HOUSE AS SHOPS ,OFFICE",False
157,KW1513986350000,"
SERINITY COMPLEX,OSHIWARA MHADA,JOGESHWARI [W]MUMBAI 102",C,SECY SAI CHS LTD ,VILLAGE OSHIWARA,,,,,061,K/W,,,,KW 5566 [8/F] CTS 121 122 151 TO 154 155 [PT] NEW LINK RD OSHIWARA BSES SUB STATION,False
158,KW1513994290000,"
C/O VIJAY ASSOCIATS,WATER FIELD RD,BANDRA WESTMUMBAI 400050",C,M/S BABULAL N MEHTA ,VILLAGE OSHIWARA,,,,,061,K/W,,,,,False
159,KW1513995420000,"
112/114 BHANDARI STREET &,153/167 SHERIFF DEOJI STREE,T, CHAKALA, MUMBAI'3.",C,MAHARASHTRA DRUG-CHEM ,VILLAGE OSHIWARA,,,,,061,K/W,,,,"KW-5611(B-68),CTS-580,PL.N.41(PT),PL.N.B-68,OSHIWARA VILLAGE,NEW LINK RD RCC BLDG AS OFFICES CRESENT CENTRE",False
160,KW1513980740000,",BLDG NO 7 PLOT NO H-66,MHADA RESIDENTIAL COMPLEX,OSHIWARA ANDHERI WESTMUMBAI 400058",nR,OSHIWARA AVLON CHS ,VILLAGE OSHIWARA,,,,,061,K/W,,,,KW 5611 (H-66) F-605   PLOT NO 66 VILLAGE OSHIWARA HOUSE BLDG NO- 07,False
161,KW1511840910000,",CHS LTD  NEW LINK RD,VILLAGE OSHIWARA,JOGESHWARI,(W) MUMBAI 400102",nR,THE SECY EVERSHINES GREEN ,VILLAGE OSHIWARA,,,,,061,K/W,,,,"KW 5359 (3)/S-01) CTS NO 96 TO 100,113 TO 118,121 (PART) VILLAGE OSHIWARA  NEW LINK RD JOGESHWARI(W) HOUSE WITH SHOPS CAUSARINA`A'WING SHOP 001",False
162,KW1513978410000,",PLOT NO H 25,OSHIWARA MHADA RESIDENTIAL,COMPLEX ANDHERI WESTMUMBAI 400058",nR,LINKWAY CHS ,VILLAGE OSHIWARA,,,,,061,K/W,,,,KW 5611 (H-35)F-501 PLOT NO 35 OSHIWARA VILLAGE HOUSE BLDG NO 25,False
163,KW1513979220000,",BLDG NO 17 H-52,MHADA RESIDENTIAL COMPLEX,OSHIWARA  MHADAANDHERI WESTMUMBAI 400058",nR,GREEN VIEW CHS ,VILLAGE OSHIWARA,,,,,061,K/W,,,,,False
164,KW1513979490000,",BLDG NO 19 PLOT NO H-54,MHADA RESIDENTIAL COPMLEX,OSHIWARA ANDHERI WESTMUMBAI 400058",nR,WELFARE COMMITTEE ,VILLAGE OSHIWARA,,,,,061,K/W,,,,,False
165,KW1513980310000,",BLDG NO 5 PLOT NO H-62A,MHADA RESIDENTIAL COMPLEX,OSHIWARA ANDHERI ",nR,ASTER CHS LTD. ,VILLAGE OSHIWARA,,,,,061,K/W,,,,,False
166,KW1513980580000,",BLDG NO 9 PLOT NO H-64,MHADA RESIDENTIAL COMPLEX,ANDHERI (W) MUMBAI 58",nR,OSHIWARA INDUS CHS ,VILLAGE OSHIWARA,,,,,061,K/W,,,,"KW 5611 (H-64/F101)    PLOT NO 64 VILLAGE OSHIWARA HOUSE BLDG NO 9, OSHIWARA INDUS. CHS LTD  FLAT NO 101",False
167,KW1513980660000," SEC BLUE BELL CHS ,,01135136,BLDG NO 8 PLOT NO H-65 MHADA RESIDENTIAL COMPLEXOSHIWARA ANDHERI ",nR,OSHIWARABLUE BELLCHSL,VILLAGE OSHIWARA,,,,,061,K/W,,,,"KW-5611[H-65/403],OSHIWARA BLUE BELL CHSL,PLOT NO65, VILLAGE OSHIWARA,,,ANDHERI WEST,HOUSE BLUE BELL CHSL.",False
168,KW1513990430000,,demo,demo,d,2,demo,2,demo,061,K/W,,,,d,False
169,KW1514127430000,",SOCIETY BLDG B,NEW LINK ROAD EXTN. BEHIND,TARAPORE GARDEN OSHIWARAANDHERI (W) MUMBAI 400053",R,SECY SHANTIVAN CO-OP HSG,VILLAGE OSHIWARA,2,dummy,30,A,061,K/W,,,,",SOCIETY BLDG B,NEW LINK ROAD EXTN. BEHIND,TARAPORE GARDEN OSHIWARAANDHERI (W) MUMBAI 400053",False
170,KW1604600170000,,null,demo,null,,null,,null,061,K/W,,,,null,False
171,KW1514366000000,"
C/O SHRI RAJENDRA SING,SEC HINDI VIDYA PRACHAR,SAMITI HINDI HIGH SCHOOLLAXMINARAYAN MANDIR MARGGHATKOPER [W] MUMBAI 86",Mixed Legend,Goenka School,VILLAGE OSHIWARA,,dummy,,null,061,K/W,,,,"C/O SHRI RAJENDRA SING,SEC HINDI VIDYA PRACHAR,SAMITI HINDI HIGH SCHOOLLAXMINARAYAN MANDIR MARGGHATKOPER [W] MUMBAI 86",False
172,KW1510651480000,,null,Blue Haven dummy,null,,null,,null,061,K/W,,,,null,False
173,KW1604080070000,,null,Dummy,null,,null,,null,061,K/W,,,,null,False
174,KW1513985110000,,null,Dummy,null,,null,,null,061,K/W,,,,null,False
